timestamp,latitude,longitude,altitude,fix_quality,num_satellites,hdop,UTM_X,UTM_Y
00:49:39.300000+00:00,42.325387973333335,-71.09453114333333,53.223,2,12,0.6,327418.78221482004,4688029.243297629
00:49:39.400000+00:00,42.325387936666665,-71.09453109,53.212,2,12,0.6,327418.7865091982,4688029.239117858
00:49:39.600000+00:00,42.325388118333336,-71.094531025,53.172,2,12,0.6,327418.7923619456,4688029.259158631
00:49:39.800000+00:00,42.3253882,-71.094531035,53.184,2,12,0.6,327418.7917612695,4688029.268247371
00:49:40+00:00,42.32538831833333,-71.09453095833334,53.188,2,12,0.6,327418.798402154,4688029.281231795
00:49:40.200000+00:00,42.325388288333336,-71.094531025,53.211,2,12,0.6,327418.79282681446,4688029.278035809
00:49:40.300000+00:00,42.32538825333334,-71.09453100666667,53.199,2,12,0.6,327418.79424176493,4688029.2741121305
00:49:40.500000+00:00,42.32538823666667,-71.09453100333333,53.19,2,12,0.6,327418.7944708561,4688029.272254663
00:49:40.700000+00:00,42.325388153333336,-71.09453095333333,53.166,5,12,0.6,327418.7983629587,4688029.262899686
00:49:40.900000+00:00,42.325388143333335,-71.09453086666667,53.148,5,12,0.6,327418.8054769104,4688029.261613402
00:49:41.100000+00:00,42.325388028333336,-71.09453103166666,53.137,5,12,0.57,327418.7915665076,4688029.249178359
00:49:41.300000+00:00,42.325388385,-71.09453208166667,53.156,5,12,0.57,327418.70602224977,4688029.290914046
00:49:41.500000+00:00,42.325389613333336,-71.09453326,53.162,5,12,0.59,327418.6122869727,4688029.429701944
00:49:41.700000+00:00,42.325391565,-71.09453456666667,53.181,5,12,0.57,327418.50995506364,4688029.649070791
00:49:41.900000+00:00,42.3253932,-71.09453559666666,53.101,5,12,0.57,327418.42955444264,4688029.832714863
00:49:42+00:00,42.32539371666667,-71.09453612333333,53.09,5,12,0.57,327418.3875701696,4688029.891155374
00:49:42.200000+00:00,42.325394815,-71.094537845,53.032,5,12,0.59,327418.24870897783,4688030.016610308
00:49:42.400000+00:00,42.325395715,-71.09453951833333,53.056,5,12,0.59,327418.1132880906,4688030.119943792
00:49:42.600000+00:00,42.32539676166667,-71.09454076166666,53.041,5,12,0.59,327418.01370009227,4688030.238690927
00:49:42.800000+00:00,42.32539842833334,-71.09454240833334,53.086,5,12,0.59,327417.8825730136,4688030.427102673
00:49:43+00:00,42.32539923666667,-71.09454380166666,53.129,5,12,0.59,327417.76997335546,4688030.519689125
00:49:43.200000+00:00,42.32540003,-71.09454528,53.106,5,12,0.59,327417.6503287167,4688030.610782426
00:49:43.400000+00:00,42.32540094833333,-71.09454739666667,53.137,5,12,0.59,327417.4784275042,4688030.717051305
00:49:43.600000+00:00,42.32540181,-71.09454896666666,53.14,5,12,0.61,327417.35141643917,4688030.815918506
00:49:43.800000+00:00,42.32540277833333,-71.09455092833333,53.073,5,12,0.63,327417.1924238999,4688030.927424977
00:49:44+00:00,42.32540400833334,-71.09455305833333,53.118,5,12,0.59,327417.0202763089,4688031.068329081
00:49:44.200000+00:00,42.32540456833333,-71.094554745,53.098,5,12,0.63,327416.8828270497,4688031.133935293
00:49:44.400000+00:00,42.32540534166667,-71.09455673666666,53.048,5,12,0.63,327416.72082929837,4688031.2238494195
00:49:44.600000+00:00,42.325406435,-71.09455943,53.123,5,12,0.63,327416.50188957783,4688031.350720881
00:49:44.700000+00:00,42.325406863333335,-71.09456040666667,53.122,5,12,0.66,327416.42258397094,4688031.400265813
00:49:44.800000+00:00,42.32540754833333,-71.09456129,53.124,5,12,0.63,327416.35167086404,4688031.4781221915
00:49:45+00:00,42.32540892666667,-71.094563715,53.118,5,12,0.6,327416.1556210582,4688031.636096193
00:49:45.200000+00:00,42.32540994166666,-71.094565685,53.178,5,12,0.6,327415.9960695042,4688031.752801574
00:49:45.400000+00:00,42.325411095,-71.09456773166667,53.133,5,12,0.6,327415.8305789365,4688031.88502337
00:49:45.600000+00:00,42.32541230666666,-71.09457029333333,53.107,5,12,0.62,327415.62281212327,4688032.024767675
00:49:45.800000+00:00,42.32541335166667,-71.09457266166666,53.124,5,12,0.62,327415.4305201336,4688032.145612639
00:49:46+00:00,42.32541454166667,-71.09457515833333,53.112,5,12,0.62,327415.2280500538,4688032.2828191435
00:49:46.200000+00:00,42.325416231666665,-71.09457739833333,53.175,5,12,0.62,327415.04809649335,4688032.475025931
00:49:46.400000+00:00,42.32541737666666,-71.094579765,53.168,5,12,0.62,327414.8562153145,4688032.606971747
00:49:46.500000+00:00,42.32541801166666,-71.09458077666666,53.13,5,12,0.62,327414.7745908997,4688032.679536449
00:49:46.600000+00:00,42.325418471666666,-71.09458217,53.11,5,12,0.62,327414.6610387671,4688032.733443249
00:49:46.800000+00:00,42.32541963833334,-71.094584585,53.166,5,12,0.62,327414.46523420874,4688032.867893073
00:49:47+00:00,42.32542091333333,-71.09458686,53.129,5,12,0.59,327414.2812618428,4688033.014088383
00:49:47.200000+00:00,42.32542223,-71.09458920166666,53.124,5,12,0.59,327414.09191012324,4688033.16504574
00:49:47.400000+00:00,42.325423361666665,-71.09459103166667,53.134,5,12,0.59,327413.9442136134,4688033.2944220025
00:49:47.500000+00:00,42.325423825,-71.09459215333334,53.101,5,12,0.59,327413.85305582214,4688033.348147681
00:49:47.600000+00:00,42.32542437833333,-71.09459354166667,53.086,5,12,0.59,327413.74017093546,4688033.412408291
00:49:47.800000+00:00,42.32542572,-71.09459619333333,53.091,5,12,0.59,327413.5253437461,4688033.566770781
00:49:48+00:00,42.32542719166667,-71.09459849,53.087,5,12,0.59,327413.3401239009,4688033.734848388
00:49:48.200000+00:00,42.32542846,-71.09460122166666,53.049,5,12,0.59,327413.11850422784,4688033.881230134
00:49:48.400000+00:00,42.325429901666666,-71.09460384666667,53.123,5,12,0.59,327412.9061478467,4688034.046642752
00:49:48.600000+00:00,42.32543124333333,-71.09460619333333,53.072,5,12,0.59,327412.7164525534,4688034.200386349
00:49:48.800000+00:00,42.325432371666665,-71.09460874166666,53.006,5,12,0.59,327412.50955664297,4688034.330850177
00:49:49+00:00,42.325433795,-71.09461146,53.091,5,12,0.59,327412.28945953236,4688034.494416438
00:49:49.200000+00:00,42.32543520666667,-71.09461393833334,53.086,5,12,0.59,327412.08910641517,4688034.656200194
00:49:49.300000+00:00,42.32543586,-71.09461525666667,53.052,5,12,0.59,327411.9822629967,4688034.7314230045
00:49:49.500000+00:00,42.32543709833333,-71.09461782,53.148,5,12,0.57,327411.77443193004,4688034.874131939
00:49:49.700000+00:00,42.325438185,-71.09462034333333,53.142,5,12,0.57,327411.56948209903,4688034.999918306
00:49:50.100000+00:00,42.32544054833333,-71.09462559333333,53.161,5,12,0.57,327411.14334747125,4688035.273001694
00:49:50.300000+00:00,42.32544197,-71.094627895,53.128,5,12,0.57,327410.95757899893,4688035.435537403
00:49:50.500000+00:00,42.325443425,-71.09463042666667,53.163,5,12,0.59,327410.7529498006,4688035.602241255
00:49:50.700000+00:00,42.32544425833333,-71.09463262833333,53.122,5,12,0.59,327410.573812407,4688035.699244208
00:49:50.900000+00:00,42.325445205,-71.09463527666666,53.077,5,12,0.59,327410.35817982873,4688035.80973836
00:49:51.100000+00:00,42.325446258333336,-71.0946375,53.106,5,12,0.59,327410.17785875034,4688035.93121458
00:49:51.300000+00:00,42.32544751333333,-71.094639995,53.078,5,12,0.59,327409.9757039656,4688036.0756356055
00:49:51.500000+00:00,42.32544892666667,-71.09464266166667,53.083,5,12,0.59,327409.75983693067,4688036.237986681
00:49:51.700000+00:00,42.32544987333333,-71.09464461166667,53.058,5,12,0.59,327409.6017467056,4688036.347063742
00:49:51.900000+00:00,42.32545084666667,-71.09464702166666,52.982,5,12,0.57,327409.40582563885,4688036.460035405
00:49:52.100000+00:00,42.32545181666666,-71.09465027833333,53.038,5,12,0.6,327409.14013054175,4688036.57435506
00:49:52.300000+00:00,42.32545272,-71.09465267666667,53.044,5,12,0.6,327408.9449793851,4688036.6795301065
00:49:52.500000+00:00,42.325453665,-71.09465549166667,53.054,5,12,0.6,327408.71560905257,4688036.790177454
00:49:52.700000+00:00,42.32545451166666,-71.09465838666667,53.151,5,12,0.6,327408.4793778545,4688036.890068001
00:49:52.900000+00:00,42.325455285,-71.094660905,53.106,5,12,0.57,327408.273983266,4688036.981051093
00:49:53.100000+00:00,42.32545601166667,-71.094663975,53.073,5,12,0.57,327408.0230040011,4688037.067971718
00:49:53.300000+00:00,42.325456735,-71.09466665833334,53.163,5,12,0.56,327407.80387677,4688037.153737546
00:49:53.500000+00:00,42.32545747,-71.09466924333333,53.117,5,12,0.56,327407.59288406675,4688037.240599327
00:49:53.700000+00:00,42.32545755833333,-71.094671755,53.13,5,12,0.64,327407.3861655508,4688037.255504996
00:49:53.900000+00:00,42.3254572,-71.094673775,53.115,5,12,0.59,327407.2187386196,4688037.219814069
00:49:54.100000+00:00,42.32545655166667,-71.094676685,53.095,5,12,0.59,327406.9771830608,4688037.15372699
00:49:54.300000+00:00,42.32545617666667,-71.09467986333334,53.155,5,12,0.59,327406.7142644548,4688037.118535993
00:49:54.500000+00:00,42.32545605166667,-71.09468286666667,53.13,5,12,0.59,327406.4664494396,4688037.110750428
00:49:54.700000+00:00,42.325455641666665,-71.09468613833333,53.151,5,12,0.59,327406.19574449304,4688037.071862374
00:49:54.900000+00:00,42.325455061666666,-71.09468860666667,53.226,5,12,0.54,327405.990768907,4688037.012466931
00:49:55.100000+00:00,42.3254544,-71.09469122333333,53.194,5,12,0.54,327405.773347387,4688036.944304063
00:49:55.300000+00:00,42.32545344666666,-71.09469428833333,53.226,5,12,0.54,327405.51818578504,4688036.844663701
00:49:55.500000+00:00,42.325452915,-71.09469728666667,53.289,5,12,0.54,327405.26967062184,4688036.791710863
00:49:55.700000+00:00,42.325452221666666,-71.09470012333334,53.256,5,12,0.54,327405.03403459594,4688036.720478133
00:49:55.900000+00:00,42.325451435,-71.09470238333333,53.261,5,12,0.54,327404.84566037054,4688036.637711219
00:49:56.100000+00:00,42.32545035333333,-71.09470454333334,53.224,5,12,0.54,327404.66471933934,4688036.5219839215
00:49:56.300000+00:00,42.32544897166667,-71.09470715666667,53.235,5,12,0.54,327404.4456034292,4688036.373863931
00:49:56.500000+00:00,42.32544806666667,-71.09470940833333,53.25,5,12,0.54,327404.25759223656,4688036.277940124
00:49:56.700000+00:00,42.32544726333333,-71.09471158333334,53.153,5,12,0.54,327404.0761763683,4688036.193150031
00:49:56.900000+00:00,42.32544585833333,-71.09471446666667,53.198,5,12,0.54,327403.8347487536,4688036.042986997
00:49:57.100000+00:00,42.32544407333334,-71.09471667166666,53.24,5,12,0.54,327403.64817625866,4688035.849251352
00:49:57.300000+00:00,42.325442388333336,-71.09471917,53.214,5,12,0.55,327403.4377067034,4688035.667215211
00:49:57.500000+00:00,42.325441098333336,-71.09472145,53.181,5,12,0.55,327403.24630793696,4688035.528597675
00:49:57.700000+00:00,42.325439771666666,-71.09472406166667,53.141,5,12,0.55,327403.02747971215,4688035.386581666
00:49:57.900000+00:00,42.32543836666667,-71.09472684166667,53.147,5,12,0.56,327402.7945666634,4688035.236208966
00:49:58.100000+00:00,42.325436845,-71.09472857166666,53.192,5,12,0.54,327402.64785405365,4688035.070750517
00:49:58.300000+00:00,42.325435178333336,-71.09473044666667,53.141,5,12,0.54,327402.4887969624,4688034.889485207
00:49:58.500000+00:00,42.325433365,-71.09473284,53.194,5,12,0.54,327402.2866283334,4688034.692985597
00:49:58.700000+00:00,42.32543194666667,-71.09473527166666,53.168,5,12,0.54,327402.0823812883,4688034.540425461
00:49:58.900000+00:00,42.32543022666667,-71.094737795,53.193,5,12,0.54,327401.8697559491,4688034.354553619
00:49:59.100000+00:00,42.325428855,-71.09473947,53.27,5,12,0.54,327401.72798549477,4688034.205639906
00:49:59.300000+00:00,42.325427223333335,-71.09474117833334,53.22,5,12,0.54,327401.5827573312,4688034.027922864
00:49:59.500000+00:00,42.32542520333333,-71.09474346,53.26,5,12,0.54,327401.38922474557,4688033.808247941
00:49:59.700000+00:00,42.3254234,-71.09474578666666,53.287,5,12,0.54,327401.1925767083,4688033.612723491
00:49:59.900000+00:00,42.325421741666666,-71.09474815,53.245,5,12,0.54,327400.9933038895,4688033.433374577
00:50:00.100000+00:00,42.32542015166667,-71.09474983,53.243,5,12,0.56,327400.8505243018,4688033.260226811
00:50:00.300000+00:00,42.325418338333336,-71.09475131833334,53.215,5,12,0.54,327400.7229271777,4688033.061890652
00:50:00.500000+00:00,42.32541611166667,-71.09475317166667,53.206,5,12,0.54,327400.56412381935,4688032.818397771
00:50:00.700000+00:00,42.32541412166667,-71.094755135,53.258,5,12,0.54,327400.3969037375,4688032.601408118
00:50:00.900000+00:00,42.32541249333333,-71.09475724666666,53.216,5,12,0.54,327400.2184501411,4688032.424879763
00:50:01.100000+00:00,42.32541068333333,-71.09475917333333,53.257,5,12,0.54,327400.054743624,4688032.227803306
00:50:01.300000+00:00,42.32540912333333,-71.09476094166666,53.249,5,12,0.54,327399.9047674037,4688032.058166087
00:50:01.500000+00:00,42.3254072,-71.09476278166666,53.199,5,12,0.59,327399.7478922218,4688031.84832897
00:50:01.700000+00:00,42.325405085,-71.09476496,53.235,5,12,0.54,327399.56261433155,4688031.61789538
00:50:01.900000+00:00,42.32540342666667,-71.09476713333333,53.176,5,12,0.56,327399.37899733696,4688031.438160924
00:50:02.100000+00:00,42.32540182166667,-71.09476949833333,53.201,5,12,0.56,327399.1797329373,4688031.264737695
00:50:02.300000+00:00,42.325400155,-71.094770885,53.206,5,12,0.56,327399.0609141338,4688031.082481435
00:50:02.500000+00:00,42.325398185,-71.094772475,53.148,5,12,0.54,327398.9245111747,4688030.866955014
00:50:02.700000+00:00,42.32539612666667,-71.094774435,53.216,5,12,0.56,327398.757378784,4688030.642370748
00:50:02.900000+00:00,42.325394355,-71.09477641,53.261,5,12,0.54,327398.5897943794,4688030.449649029
00:50:03.100000+00:00,42.325392451666666,-71.09477859166667,53.302,5,12,0.59,327398.40482062765,4688030.2427261695
00:50:03.300000+00:00,42.325390855,-71.09478000166666,53.347,5,12,0.59,327398.28427057003,4688030.068290228
00:50:03.500000+00:00,42.325389245,-71.09478141166667,53.318,5,12,0.59,327398.16368403775,4688029.892373727
00:50:03.700000+00:00,42.325387033333335,-71.094783235,53.348,5,12,0.63,327398.007393538,4688029.650485652
00:50:03.900000+00:00,42.32538518166667,-71.09478521833333,53.363,5,12,0.59,327397.83890363656,4688029.448897484
00:50:04.100000+00:00,42.325383095,-71.094787315,53.357,5,12,0.59,327397.6604324145,4688029.2214444
00:50:04.300000+00:00,42.325381335,-71.09478917833333,53.39,5,12,0.59,327397.50208113994,4688029.02979158
00:50:04.500000+00:00,42.325379645,-71.09479057,53.293,5,12,0.59,327397.3827864458,4688028.844954508
00:50:04.700000+00:00,42.32537755833334,-71.09479246666666,53.305,5,12,0.59,327397.22079511546,4688028.61709555
00:50:04.900000+00:00,42.325375916666665,-71.09479482666667,53.358,5,12,0.59,327397.0218423051,4688028.439590683
00:50:05.100000+00:00,42.325374296666666,-71.09479659833333,53.275,5,12,0.59,327396.8714271776,4688028.263297757
00:50:05.300000+00:00,42.325372558333335,-71.09479840333333,53.254,5,12,0.59,327396.71794176265,4688028.073932486
00:50:05.500000+00:00,42.325370695,-71.09480007833334,53.215,5,12,0.59,327396.5748264289,4688027.870423112
00:50:05.700000+00:00,42.325368538333336,-71.09480228833333,53.239,5,12,0.56,327396.38682506274,4688027.635427107
00:50:05.900000+00:00,42.325366558333336,-71.09480412,53.27,5,12,0.56,327396.230481368,4688027.41928076
00:50:06.100000+00:00,42.325364713333336,-71.09480574833333,53.211,5,12,0.56,327396.09126146586,4688027.217712466
00:50:06.300000+00:00,42.32536292833333,-71.09480800666667,53.22,5,12,0.56,327395.90029388305,4688027.02408525
00:50:06.500000+00:00,42.325361068333336,-71.09480952,53.259,5,12,0.55,327395.7705088962,4688026.820617943
00:50:06.700000+00:00,42.32535936,-71.09481111666666,53.186,5,12,0.54,327395.6342720598,4688026.634161159
00:50:06.900000+00:00,42.325357321666665,-71.09481262833333,53.194,5,12,0.54,327395.504136667,4688026.4108879445
00:50:07.100000+00:00,42.325355568333336,-71.09481446833334,53.192,5,12,0.59,327395.34772616683,4688026.219928099
00:50:07.300000+00:00,42.32535371666667,-71.09481660166666,53.167,5,12,0.54,327395.16687616566,4688026.018644409
00:50:07.500000+00:00,42.32535219,-71.09481841166667,53.244,5,12,0.56,327395.0135575479,4688025.852793256
00:50:07.700000+00:00,42.32535054,-71.09481989333334,53.149,5,12,0.56,327394.8869561644,4688025.672580564
00:50:07.900000+00:00,42.32534823,-71.09482181333334,53.192,5,12,0.58,327394.72243123164,4688025.419969584
00:50:08.100000+00:00,42.325346421666666,-71.09482408,53.254,5,12,0.58,327394.53071308805,4688025.223768333
00:50:08.300000+00:00,42.32534484333333,-71.094826095,53.251,5,12,0.58,327394.3603612044,4688025.05259605
00:50:08.500000+00:00,42.32534334,-71.09482796333333,53.265,5,12,0.58,327394.2022997156,4688024.889454284
00:50:08.700000+00:00,42.32534156166667,-71.09482962,53.194,5,12,0.63,327394.0609273759,4688024.695346341
00:50:08.900000+00:00,42.325339255,-71.09483145333333,53.245,5,12,0.63,327393.90355281334,4688024.442929635
00:50:09.100000+00:00,42.32533748666667,-71.09483376833333,53.302,5,12,0.63,327393.7079613651,4688024.251268185
00:50:09.300000+00:00,42.32533563,-71.094835995,53.26,5,12,0.63,327393.51940695924,4688024.049618739
00:50:09.500000+00:00,42.32533372333333,-71.094838,53.273,5,12,0.63,327393.3489810539,4688023.841967324
00:50:09.700000+00:00,42.32533176,-71.09483953,53.256,5,12,0.63,327393.21754000476,4688023.627059522
00:50:09.900000+00:00,42.325329626666665,-71.09484143,53.252,5,12,0.63,327393.0551461303,4688023.394025449
00:50:10.100000+00:00,42.32532762833333,-71.09484322,53.28,5,12,0.63,327392.9021854262,4688023.175758837
00:50:10.300000+00:00,42.32532587666667,-71.09484531666666,53.245,5,12,0.59,327392.7246300935,4688022.985505015
00:50:10.500000+00:00,42.32532402333333,-71.09484747833334,53.263,5,12,0.54,327392.54144072253,4688022.78409382
00:50:10.700000+00:00,42.325322365,-71.09484903,53.239,5,12,0.54,327392.40904845856,4688022.603097881
00:50:10.900000+00:00,42.325320571666666,-71.094850465,53.141,5,12,0.63,327392.28590026527,4688022.40687447
00:50:11.100000+00:00,42.32531824666667,-71.09485202666667,53.179,5,12,0.54,327392.15086069726,4688022.151870687
00:50:11.300000+00:00,42.325316245,-71.09485372833333,53.159,5,12,0.55,327392.0051694631,4688021.933054681
00:50:11.500000+00:00,42.325314211666665,-71.09485561833333,53.155,5,12,0.56,327391.8438730051,4688021.711104561
00:50:11.700000+00:00,42.325312265,-71.09485703666667,53.207,5,12,0.55,327391.72167875175,4688021.4978208635
00:50:11.900000+00:00,42.325310386666665,-71.09485845333333,53.157,5,12,0.55,327391.599808714,4688021.29212167
00:50:12.100000+00:00,42.32530812666667,-71.09486001,53.2,5,12,0.55,327391.4653588709,4688021.044325494
00:50:12.300000+00:00,42.32530650833333,-71.09486158,53.148,5,12,0.55,327391.3315652861,4688020.867808469
00:50:12.500000+00:00,42.32530447833334,-71.09486366333333,53.142,5,12,0.55,327391.15434729226,4688020.646620875
00:50:12.700000+00:00,42.325302635,-71.09486487,53.169,5,12,0.55,327391.04987688514,4688020.444381972
00:50:12.900000+00:00,42.32530070666667,-71.094866085,53.096,5,12,0.55,327390.9444873348,4688020.232721399
00:50:13+00:00,42.32529941333333,-71.094867135,53.15,5,12,0.55,327390.8544304327,4688020.091237766
00:50:13.200000+00:00,42.325297121666665,-71.09486848333333,53.208,5,12,0.55,327390.7370605443,4688019.839502454
00:50:13.400000+00:00,42.325295455,-71.09487016333334,53.104,5,12,0.54,327390.59407075995,4688019.657841648
00:50:13.600000+00:00,42.32529362666666,-71.094872085,53.108,5,12,0.54,327390.43072555173,4688019.458719479
00:50:13.800000+00:00,42.32529178,-71.09487365833333,53.142,5,12,0.54,327390.29603276204,4688019.2568546
00:50:14.200000+00:00,42.32528718,-71.09487651833334,53.197,5,12,0.56,327390.04778870806,4688018.751864777
00:50:14.400000+00:00,42.32528549333333,-71.094878215,53.147,5,12,0.59,327389.90337085706,4688018.568016963
00:50:14.600000+00:00,42.325283266666666,-71.094880165,53.184,5,12,0.56,327389.7366015143,4688018.324720498
00:50:14.800000+00:00,42.325281525,-71.09488148333334,53.242,5,12,0.56,327389.62320778915,4688018.133997537
00:50:15+00:00,42.32527963,-71.09488253,53.226,5,12,0.57,327389.5317799548,4688017.925696755
00:50:15.200000+00:00,42.32527714,-71.09488371833334,53.295,5,12,0.57,327389.4270515099,4688017.65161337
00:50:15.400000+00:00,42.325274973333336,-71.09488528833333,53.316,5,12,0.56,327389.29175813124,4688017.414208233
00:50:15.600000+00:00,42.325272685,-71.09488710833334,53.284,5,12,0.57,327389.13553205226,4688017.163800339
00:50:15.800000+00:00,42.32527046333333,-71.09488835166667,53.385,5,12,0.56,327389.02700548293,4688016.919624911
00:50:16+00:00,42.32526854,-71.09488924333333,53.328,5,12,0.56,327388.94827208796,4688016.707863364
00:50:16.200000+00:00,42.32526605666666,-71.094890415,53.318,5,12,0.56,327388.8449351658,4688016.434486442
00:50:16.400000+00:00,42.325264055,-71.09489193,53.344,5,12,0.56,327388.71462500683,4688016.215291658
00:50:16.600000+00:00,42.32526187,-71.09489346666666,53.274,5,12,0.63,327388.58202809864,4688015.975783108
00:50:16.800000+00:00,42.32525923833333,-71.094894075,53.335,5,12,0.63,327388.5247039952,4688015.684791632
00:50:17+00:00,42.325257316666665,-71.09489414833334,53.281,5,12,0.59,327388.51340560615,4688015.471554335
00:50:17.200000+00:00,42.32525495833333,-71.09489423333333,53.256,5,12,0.59,327388.499951608,4688015.209852283
00:50:17.400000+00:00,42.32525274,-71.09489451333333,53.298,5,12,0.59,327388.47081255424,4688014.964091897
00:50:17.600000+00:00,42.32525042,-71.09489479166666,53.245,5,12,0.61,327388.44153277227,4688014.7070388375
00:50:17.800000+00:00,42.32524803166667,-71.09489464166667,53.243,5,12,0.61,327388.44736066903,4688014.441528579
00:50:18+00:00,42.32524647666666,-71.09489372333333,53.246,5,12,0.61,327388.51877822215,4688014.266994155
00:50:18.200000+00:00,42.32524465833333,-71.09489247333333,53.182,5,12,0.59,327388.6168048261,4688014.0625454895
00:50:18.400000+00:00,42.32524231,-71.09489123666667,53.212,5,12,0.59,327388.7122832291,4688013.799271511
00:50:18.600000+00:00,42.32524000333333,-71.09489006,53.227,5,12,0.61,327388.8029316132,4688013.540746063
00:50:18.800000+00:00,42.32523759833333,-71.09488893,53.228,5,12,0.56,327388.8894657382,4688013.271396179
00:50:19+00:00,42.325235723333336,-71.09488797333333,53.264,5,12,0.56,327388.9631667818,4688013.061250454
00:50:19.200000+00:00,42.32523380666667,-71.09488704666667,53.198,5,12,0.56,327389.03428187815,4688012.846538854
00:50:19.400000+00:00,42.32523133833333,-71.0948857,53.178,5,12,0.56,327389.1384960965,4688012.569716571
00:50:19.600000+00:00,42.325229315,-71.09488475166667,53.232,5,12,0.56,327389.21110480116,4688012.343116498
00:50:19.800000+00:00,42.325227268333336,-71.09488384833334,53.167,5,12,0.58,327389.27994170686,4688012.1140167685
00:50:20+00:00,42.32522532833333,-71.09488271833334,53.189,5,12,0.58,327389.3677476346,4688011.896301521
00:50:20.200000+00:00,42.32522381666666,-71.09488133,53.159,5,12,0.56,327389.4780116665,4688011.725625066
00:50:20.400000+00:00,42.325221938333335,-71.09487942333334,53.144,5,12,0.57,327389.6299834488,4688011.513181177
00:50:20.600000+00:00,42.325219921666665,-71.094877875,53.207,5,12,0.57,327389.75205030665,4688011.286103688
00:50:20.800000+00:00,42.325218145,-71.09487656666667,53.173,5,12,0.57,327389.8549976068,4688011.086163415
00:50:21+00:00,42.32521609,-71.09487501333334,53.188,5,12,0.57,327389.97737163777,4688010.854819165
00:50:21.200000+00:00,42.325214825,-71.09487374333334,53.196,5,12,0.57,327390.07855967944,4688010.711773294
00:50:21.400000+00:00,42.32521341833333,-71.09487225,53.17,5,12,0.59,327390.19776290155,4688010.552543188
00:50:21.600000+00:00,42.32521173166667,-71.09487018333333,53.199,5,12,0.59,327390.3634429062,4688010.361057686
00:50:21.800000+00:00,42.32521035333333,-71.09486844333334,53.221,5,12,0.59,327390.5030489201,4688010.204473172
00:50:22+00:00,42.325208475,-71.094866735,53.182,5,12,0.59,327390.63867813617,4688009.992431822
00:50:22.200000+00:00,42.32520643666667,-71.09486473,53.236,5,12,0.6,327390.7983150523,4688009.7620216375
00:50:22.400000+00:00,42.32520483166667,-71.09486278,53.191,5,12,0.58,327390.9546051332,4688009.579841372
00:50:22.600000+00:00,42.32520289333333,-71.09486058,53.181,5,12,0.58,327391.13058353285,4688009.360139665
00:50:22.800000+00:00,42.32520097,-71.09485875833333,53.206,5,12,0.57,327391.2754283622,4688009.142871421
00:50:23+00:00,42.32519936,-71.09485701666667,53.169,5,12,0.57,327391.4145381603,4688008.960558766
00:50:23.200000+00:00,42.32519791166666,-71.09485531333333,53.185,5,12,0.55,327391.55093145464,4688008.796275735
00:50:23.400000+00:00,42.325196903333335,-71.09485356333333,53.229,5,12,0.57,327391.6923734533,4688008.680756572
00:50:23.500000+00:00,42.32519623666666,-71.09485253666666,53.189,5,12,0.57,327391.77514733665,4688008.604644828
00:50:23.700000+00:00,42.32519487,-71.09484989333333,53.205,5,12,0.57,327391.98921985494,4688008.447522541
00:50:23.900000+00:00,42.32519332666666,-71.09484734166666,53.239,5,12,0.56,327392.19525589125,4688008.2709688395
00:50:24.100000+00:00,42.325191798333336,-71.09484483666667,53.195,5,12,0.56,327392.3974876348,4688008.096175487
00:50:24.300000+00:00,42.32519026,-71.09484263,53.245,5,12,0.55,327392.5751094189,4688007.920877177
00:50:24.500000+00:00,42.32518905,-71.09484043666667,53.233,5,12,0.56,327392.75253051077,4688007.782064793
00:50:24.700000+00:00,42.32518752,-71.09483801,53.224,5,12,0.56,327392.9483030697,4688007.607245361
00:50:24.900000+00:00,42.325185855,-71.09483575166666,53.275,5,12,0.56,327393.1298357838,4688007.417776862
00:50:25.100000+00:00,42.325184238333335,-71.09483359,53.231,5,12,0.56,327393.3035353767,4688007.233871592
00:50:25.300000+00:00,42.32518250833333,-71.094831205,53.271,5,12,0.55,327393.4953276566,4688007.036928293
00:50:25.500000+00:00,42.325181373333336,-71.094828805,53.295,5,12,0.55,327393.6899832118,4688006.906024679
00:50:25.700000+00:00,42.32518021833334,-71.09482606,53.28,5,12,0.55,327393.91301203007,4688006.772200062
00:50:25.900000+00:00,42.325179135,-71.09482300666667,53.34,5,12,0.56,327394.16164348007,4688006.645707731
00:50:26.100000+00:00,42.325177885,-71.094820795,53.308,5,12,0.56,327394.34046590567,4688006.502416494
00:50:26.300000+00:00,42.32517632666666,-71.094818465,53.331,5,12,0.56,327394.52819573006,4688006.324647093
00:50:26.500000+00:00,42.325175345,-71.09481667166666,53.369,5,12,0.56,327394.6732814184,4688006.212001177
00:50:26.700000+00:00,42.325174231666665,-71.09481476166667,53.312,5,12,0.55,327394.8276203345,4688006.084497939
00:50:26.900000+00:00,42.32517323166667,-71.094811825,53.321,5,12,0.57,327395.0668664169,4688005.967495928
00:50:27.100000+00:00,42.32517187333333,-71.09480985166667,53.322,5,12,0.57,327395.22575396043,4688005.812658822
00:50:27.300000+00:00,42.325170238333335,-71.09480772666667,53.29,5,12,0.55,327395.396382177,4688005.626792246
00:50:27.500000+00:00,42.32516865,-71.09480527,53.352,5,12,0.55,327395.59446732735,4688005.445434546
00:50:27.700000+00:00,42.32516769166666,-71.09480336166666,53.287,5,12,0.56,327395.74909284874,4688005.335146252
00:50:27.900000+00:00,42.32516656666667,-71.09480096666667,53.218,5,12,0.56,327395.9433638428,4688005.205363275
00:50:28.100000+00:00,42.32516509166667,-71.09479860666667,53.247,5,12,0.57,327396.13379364513,4688005.036786553
00:50:28.300000+00:00,42.32516358,-71.09479598166666,53.221,5,12,0.55,327396.34595914837,4688004.8636004925
00:50:28.500000+00:00,42.325162185,-71.09479371,53.203,5,12,0.55,327396.52932910057,4688004.7040864285
00:50:28.700000+00:00,42.325161406666666,-71.09479150166666,53.3,5,12,0.55,327396.7091668964,4688004.613176929
00:50:28.900000+00:00,42.32516063333333,-71.09478917333334,53.218,5,12,0.55,327396.8989063525,4688004.522579117
00:50:29.100000+00:00,42.325159541666665,-71.09478632333334,53.316,5,12,0.54,327397.13076050184,4688004.3955741925
00:50:29.300000+00:00,42.32515810333334,-71.09478396,53.312,5,12,0.55,327397.3215652995,4688004.23106229
00:50:29.500000+00:00,42.32515652,-71.09478153666667,53.321,5,12,0.55,327397.5169175479,4688004.050327505
00:50:29.700000+00:00,42.32515541,-71.09477945833333,53.399,5,12,0.55,327397.68513632973,4688003.922852855
00:50:29.900000+00:00,42.32515445666667,-71.09477711666666,53.315,5,12,0.55,327397.87548221485,4688003.812240413
00:50:30.100000+00:00,42.325153205,-71.09477414333334,53.337,5,12,0.55,327398.1170614844,4688003.667218475
00:50:30.300000+00:00,42.32515183833333,-71.09477176333333,53.375,5,12,0.55,327398.3094356524,4688003.510630801
00:50:30.500000+00:00,42.325150235,-71.09476931,53.355,5,12,0.56,327398.50720524555,4688003.327614322
00:50:30.700000+00:00,42.325148823333336,-71.094766515,53.413,5,12,0.55,327398.7336523251,4688003.165187561
00:50:30.900000+00:00,42.325147881666666,-71.09476403833334,53.414,5,12,0.55,327398.93515413953,4688003.055596671
00:50:31.100000+00:00,42.32514632666667,-71.094761385,53.446,5,12,0.57,327399.1495359278,4688002.877541373
00:50:31.300000+00:00,42.32514489166667,-71.09475821333334,53.539,5,12,0.57,327399.4069565228,4688002.711759245
00:50:31.500000+00:00,42.32514363166667,-71.09475575166667,53.401,5,12,0.57,327399.6063517842,4688002.566850379
00:50:31.600000+00:00,42.32514262833333,-71.09475442666667,53.394,5,12,0.57,327399.7127877497,4688002.4527490875
00:50:31.800000+00:00,42.325141475,-71.09475215666667,53.408,5,12,0.55,327399.8966814178,4688002.320073699
00:50:32+00:00,42.32514061166667,-71.09475012666667,53.328,5,12,0.55,327400.0615922059,4688002.220087608
00:50:32.200000+00:00,42.32513919,-71.09474746,53.341,5,12,0.55,327400.2774373513,4688002.056810915
00:50:32.400000+00:00,42.32513774666667,-71.094745055,53.339,5,12,0.6,327400.4716619399,4688001.891659334
00:50:32.500000+00:00,42.32513708,-71.09474380166667,53.313,5,12,0.6,327400.57311331533,4688001.815087707
00:50:32.700000+00:00,42.32513570333333,-71.09474101166667,53.293,5,12,0.6,327400.79924420756,4688001.656557639
00:50:32.900000+00:00,42.32513481,-71.09473866333333,53.295,5,12,0.6,327400.9903036215,4688001.552594289
00:50:33.100000+00:00,42.325133756666666,-71.094736105,53.235,5,12,0.56,327401.19822945993,4688001.430438023
00:50:33.300000+00:00,42.32513235333333,-71.09473288166667,53.307,5,12,0.56,327401.45999408513,4688001.268067459
00:50:33.500000+00:00,42.32513102,-71.09473005333334,53.278,5,12,0.56,327401.6894021858,4688001.114271461
00:50:33.700000+00:00,42.32512934333333,-71.09472745166667,53.276,5,12,0.58,327401.8991940435,4688000.922810963
00:50:33.900000+00:00,42.32512835666667,-71.094724955,53.284,5,12,0.58,327402.10222090303,4688000.808182683
00:50:34+00:00,42.32512811833333,-71.09472370666667,53.279,5,12,0.58,327402.2044317003,4688000.779184309
00:50:34.200000+00:00,42.32512692666667,-71.09472106333334,53.26,5,12,0.56,327402.41898326966,4688000.641494745
00:50:34.400000+00:00,42.32512575333333,-71.09471814666666,53.312,5,12,0.59,327402.6561076313,4688000.505286274
00:50:34.600000+00:00,42.32512436333333,-71.09471530333333,53.289,5,12,0.6,327402.8865968125,4688000.345167482
00:50:34.800000+00:00,42.32512290333333,-71.09471238166667,53.303,5,12,0.56,327403.12334923085,4688000.177116779
00:50:35+00:00,42.325121978333335,-71.09471012,53.356,5,12,0.57,327403.30718079046,4688000.069813034
00:50:35.200000+00:00,42.325121045,-71.09470764666666,53.28,5,12,0.58,327403.50843088573,4687999.961154398
00:50:35.400000+00:00,42.325119815,-71.09470472166667,53.277,5,12,0.57,327403.7460869883,4687999.81863666
00:50:35.600000+00:00,42.32511863333333,-71.09470204666667,53.297,5,12,0.59,327403.96327529545,4687999.681993308
00:50:35.800000+00:00,42.32511722666667,-71.09469951833333,53.283,5,12,0.57,327404.167762971,4687999.520663097
00:50:36+00:00,42.32511608666667,-71.09469726833333,53.357,5,12,0.55,327404.3500452611,4687999.389508978
00:50:36.200000+00:00,42.32511512,-71.094695245,53.319,5,12,0.55,327404.5141242575,4687999.278062164
00:50:36.400000+00:00,42.32511398333333,-71.09469258333333,53.289,5,12,0.55,327404.7303369915,4687999.1464427905
00:50:36.600000+00:00,42.325112955,-71.09468961166667,53.343,5,12,0.55,327404.97238997626,4687999.026223909
00:50:36.800000+00:00,42.325111745,-71.09468703333333,53.29,5,12,0.55,327405.1815355179,4687998.886630565
00:50:37+00:00,42.32511041,-71.09468462166667,53.297,5,12,0.55,327405.37660590163,4687998.733495171
00:50:37.200000+00:00,42.325109776666665,-71.094682475,53.332,5,12,0.55,327405.55175915937,4687998.658812171
00:50:37.400000+00:00,42.325108846666666,-71.094679965,53.3,5,12,0.55,327405.7560397746,4687998.550449334
00:50:37.600000+00:00,42.32510785833333,-71.09467718166667,53.362,5,12,0.55,327405.982683527,4687998.435054365
00:50:37.800000+00:00,42.325106645,-71.09467494,53.343,5,12,0.55,327406.1640786696,4687998.295774112
00:50:38+00:00,42.325105371666666,-71.09467260666666,53.316,5,12,0.56,327406.3528630695,4687998.149645311
00:50:38.200000+00:00,42.32510423666667,-71.09467034,53.366,5,12,0.56,327406.53653244313,4687998.019012643
00:50:38.400000+00:00,42.32510332333333,-71.09466797,53.331,5,12,0.56,327406.7293226743,4687997.912784643
00:50:38.600000+00:00,42.325102055,-71.09466520166667,53.343,5,12,0.56,327406.95396475145,4687997.766328324
00:50:39+00:00,42.32509975,-71.09466051166666,53.378,5,12,0.56,327407.33411716216,4687997.500858624
00:50:39.200000+00:00,42.32509847833333,-71.09465827666666,53.355,5,12,0.55,327407.5148034991,4687997.355114474
00:50:39.400000+00:00,42.325097848333336,-71.09465620833333,53.37,5,12,0.55,327407.6835112622,4687997.280960632
00:50:39.600000+00:00,42.325096955,-71.09465356166666,53.322,5,12,0.56,327407.89915355045,4687997.176392071
00:50:39.800000+00:00,42.325095958333335,-71.09465064,53.372,5,12,0.56,327408.13717325527,4687997.059791104
00:50:40+00:00,42.32509501,-71.09464817333334,53.381,5,12,0.55,327408.33783315425,4687996.9494805075
00:50:40.200000+00:00,42.32509405166667,-71.09464534166666,53.311,5,12,0.55,327408.568541704,4687996.837318808
00:50:40.400000+00:00,42.32509298166666,-71.09464249833333,53.374,5,12,0.55,327408.7999062254,4687996.712733725
00:50:40.600000+00:00,42.325092215,-71.09464001333333,53.369,5,12,0.55,327409.0025736046,4687996.622558615
00:50:40.800000+00:00,42.325091441666665,-71.094637295,53.315,5,12,0.56,327409.2244494193,4687996.531169733
00:50:41+00:00,42.32509074833333,-71.09463453,53.353,5,12,0.55,327409.4503893461,4687996.448569532
00:50:41.200000+00:00,42.325090083333336,-71.09463209833334,53.319,5,12,0.55,327409.6489400953,4687996.369791961
00:50:41.400000+00:00,42.325089505,-71.09462936,53.29,5,12,0.55,327409.8729971824,4687996.300015744
00:50:41.600000+00:00,42.325089571666666,-71.09462712666667,53.368,5,12,0.55,327410.05720611825,4687996.302886539
00:50:41.800000+00:00,42.32508949333333,-71.09462458833333,53.286,5,12,0.55,327410.26615052496,4687996.289037294
00:50:42+00:00,42.32508964666667,-71.09462103,53.349,5,12,0.57,327410.55977643694,4687996.298842994
00:50:42.200000+00:00,42.3250895,-71.09461814833334,53.326,5,12,0.57,327410.7968246398,4687996.276709168
00:50:42.400000+00:00,42.3250895,-71.09461495666666,53.301,5,12,0.57,327411.0598179164,4687996.270232475
00:50:42.600000+00:00,42.325089913333336,-71.094612135,53.37,5,12,0.57,327411.2934535057,4687996.310404064
00:50:42.800000+00:00,42.325090558333336,-71.09460955333333,53.354,5,12,0.57,327411.5079466144,4687996.376787454
00:50:43+00:00,42.32509161666667,-71.094606265,53.412,5,12,0.55,327411.7817993404,4687996.487634302
00:50:43.200000+00:00,42.325092266666665,-71.09460352666666,53.437,5,12,0.58,327412.0092154435,4687996.554255005
00:50:43.400000+00:00,42.32509293,-71.09460083833333,53.421,5,12,0.58,327412.2325480003,4687996.622457742
00:50:43.600000+00:00,42.325093975,-71.09459766333333,53.465,5,12,0.58,327412.4970255803,4687996.732054035
00:50:43.800000+00:00,42.32509498833333,-71.09459547833333,53.433,5,12,0.58,327412.67984058044,4687996.840142938
00:50:44+00:00,42.32509584666667,-71.09459295833334,53.382,5,12,0.58,327412.88983570377,4687996.9303405145
00:50:44.200000+00:00,42.32509704666667,-71.09459018666666,53.437,5,12,0.58,327413.12150246766,4687997.057966829
00:50:44.400000+00:00,42.32509800166667,-71.09458742666666,53.403,5,12,0.57,327413.35153791413,4687997.158411482
00:50:44.600000+00:00,42.32509908166666,-71.09458470833333,53.321,5,12,0.57,327413.5784818461,4687997.272820969
00:50:44.800000+00:00,42.325099863333335,-71.09458244166666,53.463,5,12,0.57,327413.7673926359,4687997.355019404
00:50:45+00:00,42.325101095,-71.09458034666666,53.411,5,12,0.57,327413.94338864804,4687997.487535186
00:50:45.200000+00:00,42.325102316666666,-71.09457793,53.477,5,12,0.57,327414.1458626323,4687997.6182878185
00:50:45.400000+00:00,42.32510318666667,-71.09457604333333,53.44,5,12,0.57,327414.30370297254,4687997.711066096
00:50:45.600000+00:00,42.32510412166667,-71.094573655,53.439,5,12,0.57,327414.50305837055,4687997.810044135
00:50:45.800000+00:00,42.325105645,-71.09457115,53.444,5,12,0.57,327414.7136359243,4687997.974115271
00:50:46+00:00,42.325107145,-71.09456934333333,53.415,5,12,0.57,327414.8666070226,4687998.137012489
00:50:46.200000+00:00,42.325108345,-71.09456713166666,53.392,5,12,0.57,327415.0521297321,4687998.265775221
00:50:46.400000+00:00,42.32510988666667,-71.09456446166666,53.415,5,12,0.57,327415.2763533833,4687998.431547331
00:50:46.600000+00:00,42.32511119833333,-71.09456201666667,53.383,5,12,0.57,327415.4814080908,4687998.572236307
00:50:46.800000+00:00,42.32511263333333,-71.09455957333333,53.344,5,12,0.59,327415.6866627155,4687998.726623878
00:50:47+00:00,42.325113985,-71.09455788,53.422,5,12,0.61,327415.82988949167,4687998.873279831
00:50:47.200000+00:00,42.32511553333333,-71.09455584333334,53.363,5,12,0.59,327416.00194470276,4687999.041077401
00:50:47.400000+00:00,42.32511744166667,-71.094553415,53.407,5,12,0.59,327416.20725765266,4687999.248055402
00:50:47.600000+00:00,42.32511913333333,-71.09455089833334,53.407,5,12,0.59,327416.41925676627,4687999.43079502
00:50:47.800000+00:00,42.32512080666667,-71.09454840166667,53.35,5,12,0.57,327416.62955773785,4687999.611539455
00:50:48+00:00,42.32512252166666,-71.09454643,53.368,5,12,0.59,327416.79671267467,4687999.797975973
00:50:48.200000+00:00,42.32512419666666,-71.094544785,53.282,5,12,0.55,327416.9368409039,4687999.980633674
00:50:48.400000+00:00,42.32512614833333,-71.094542735,53.321,5,12,0.55,327417.1110976533,4688000.193191241
00:50:48.600000+00:00,42.32512787833333,-71.09454060833333,53.332,5,12,0.56,327417.29106556554,4688000.380978883
00:50:48.800000+00:00,42.325129698333335,-71.09453855333334,53.275,5,12,0.55,327417.4653742503,4688000.578905752
00:50:49+00:00,42.325131665,-71.09453664666667,53.359,5,12,0.55,327417.6278613318,4688000.79341981
00:50:49.200000+00:00,42.32513350833333,-71.09453501333333,53.339,5,12,0.55,327417.767488499,4688000.994793307
00:50:49.400000+00:00,42.32513537,-71.09453347333333,53.325,5,12,0.55,327417.89947513246,4688001.198391968
00:50:49.600000+00:00,42.32513706833333,-71.09453180666667,53.322,5,12,0.55,327418.04145244445,4688001.38359671
00:50:49.800000+00:00,42.325138915,-71.094530035,53.272,5,12,0.54,327418.19248735975,4688001.585059653
00:50:50+00:00,42.32514071666667,-71.09452797333333,53.303,5,12,0.55,327418.36729519116,4688001.78093724
00:50:50.200000+00:00,42.32514227333333,-71.09452646,53.284,5,12,0.55,327418.49625043746,4688001.95072215
00:50:50.400000+00:00,42.325144225,-71.09452463833334,53.224,5,12,0.58,327418.6516924464,4688002.163743077
00:50:50.600000+00:00,42.32514593,-71.09452247333333,53.292,5,12,0.59,327418.8347505725,4688002.348676916
00:50:50.800000+00:00,42.32514744,-71.09452012,53.305,5,12,0.57,327419.0327941098,4688002.51157537
00:50:51+00:00,42.32514895,-71.09451805833334,53.31,5,12,0.57,327419.2068043351,4688002.675065665
00:50:51.200000+00:00,42.32515071666667,-71.09451652333334,53.349,5,12,0.57,327419.3381191207,4688002.86812549
00:50:51.300000+00:00,42.325151606666665,-71.09451580833333,53.301,5,12,0.59,327419.3994687478,4688002.965502213
00:50:51.500000+00:00,42.32515356833333,-71.09451413,53.233,5,12,0.57,327419.5431273995,4688003.179924425
00:50:51.700000+00:00,42.32515536833333,-71.09451216333333,53.205,5,12,0.56,327419.7101026067,4688003.375809745
00:50:51.900000+00:00,42.32515678,-71.09451007666667,53.168,5,12,0.56,327419.8859038999,4688003.528330178
00:50:52.100000+00:00,42.325158395,-71.09450804,53.219,5,12,0.57,327420.05814120197,4688003.703530655
00:50:52.300000+00:00,42.325160365,-71.09450684166667,53.244,5,12,0.57,327420.16227066243,4688003.919852222
00:50:52.500000+00:00,42.32516251166667,-71.09450547333333,53.225,5,12,0.57,327420.2808911874,4688004.155446293
00:50:52.700000+00:00,42.325164145,-71.09450353333334,53.278,5,12,0.55,327420.44521327637,4688004.332878705
00:50:52.900000+00:00,42.325165515,-71.09450105666667,53.256,5,12,0.55,327420.65303654777,4688004.479981031
00:50:53.100000+00:00,42.32516725166667,-71.09449877666667,53.272,5,12,0.55,327420.8456571406,4688004.668197907
00:50:53.300000+00:00,42.32516901833333,-71.094497725,53.303,5,12,0.57,327420.93714523985,4688004.862238506
00:50:53.500000+00:00,42.32517104,-71.09449634,53.266,5,12,0.54,327421.0567972477,4688005.083918495
00:50:53.700000+00:00,42.325173338333336,-71.09449452333334,53.323,5,12,0.55,327421.21277506324,4688005.335444254
00:50:53.900000+00:00,42.32517509,-71.09449257166666,53.318,5,12,0.55,327421.378382011,4688005.525993009
00:50:54.100000+00:00,42.325176835,-71.09449080666667,53.288,5,12,0.54,327421.5285894108,4688005.716180254
00:50:54.300000+00:00,42.325178453333336,-71.09448922,53.319,5,12,0.57,327421.66375579464,4688005.89266402
00:50:54.500000+00:00,42.32517971,-71.09448779666667,53.219,5,12,0.57,327421.7844745679,4688006.029318942
00:50:54.700000+00:00,42.32518141333333,-71.09448635333334,53.306,5,12,0.55,327421.9080627241,4688006.215532139
00:50:54.900000+00:00,42.325183395,-71.09448456333334,53.319,5,12,0.57,327422.06097724556,4688006.431948661
00:50:55.100000+00:00,42.32518523666667,-71.094482795,53.32,5,12,0.54,327422.2117236061,4688006.6328632375
00:50:55.300000+00:00,42.32518715166667,-71.09448107666667,53.348,5,12,0.55,327422.3585504897,4688006.842022368
00:50:55.500000+00:00,42.32518932666667,-71.09447946333333,53.348,5,12,0.55,327422.4974363396,4688007.080265536
00:50:55.700000+00:00,42.32519139833333,-71.09447774833333,53.397,5,12,0.55,327422.64441693685,4688007.306828052
00:50:55.900000+00:00,42.325193385,-71.094475485,53.441,5,12,0.55,327422.8363476789,4688007.522839349
00:50:56.100000+00:00,42.325194935,-71.09447325833334,53.434,5,12,0.54,327423.02406304737,4688007.69043662
00:50:56.300000+00:00,42.325196356666666,-71.09447187,53.461,5,12,0.54,327423.1423489505,4688007.845484549
00:50:56.500000+00:00,42.32519819666667,-71.09447053666666,53.429,5,12,0.54,327423.2572467633,4688008.047096741
00:50:56.700000+00:00,42.32520011166667,-71.09446891333333,53.403,5,12,0.56,327423.39624560485,4688008.25644866
00:50:56.900000+00:00,42.32520173833333,-71.09446701,53.446,5,12,0.54,327423.55752796534,4688008.433215257
00:50:57.100000+00:00,42.32520218,-71.09446481333333,53.343,5,12,0.54,327423.7397406414,4688008.477801633
00:50:57.300000+00:00,42.3252034,-71.09446315333334,53.302,5,12,0.55,327423.87986036204,4688008.609904822
00:50:57.500000+00:00,42.32520470833333,-71.094461665,53.175,5,12,0.54,327424.0060763153,4688008.75216507
00:50:57.700000+00:00,42.325206295,-71.09446042333333,53.202,5,12,0.6,327424.1127280525,4688008.925832582
00:50:57.900000+00:00,42.32520762666667,-71.09445901833334,53.289,5,12,0.57,327424.23214114655,4688009.070852912
00:50:58.100000+00:00,42.32520908,-71.09445698666667,53.22,5,12,0.55,327424.4035241477,4688009.22811181
00:50:58.300000+00:00,42.32521048666667,-71.09445531,53.219,5,12,0.57,327424.54552759556,4688009.380909072
00:50:58.500000+00:00,42.32521221833333,-71.09445410166667,53.259,5,12,0.6,327424.6498291397,4688009.57074535
00:50:58.700000+00:00,42.325213915,-71.094452265,53.224,5,12,0.58,327424.80580952717,4688009.755420205
00:50:58.900000+00:00,42.325215658333335,-71.09445062666667,53.316,5,12,0.58,327424.9455748819,4688009.945679468
00:50:59.100000+00:00,42.32521759166666,-71.09444860833334,53.286,5,12,0.58,327425.1171716959,4688010.156265699
00:50:59.300000+00:00,42.32521961333333,-71.094446555,53.274,5,12,0.58,327425.2918940319,4688010.376589648
00:50:59.400000+00:00,42.32522045166667,-71.09444584833334,53.35,5,12,0.58,327425.3524155738,4688010.46824615
00:50:59.500000+00:00,42.32522157666666,-71.09444519833333,53.351,5,12,0.58,327425.4090516509,4688010.591849733
00:50:59.700000+00:00,42.32522343666667,-71.09444422333333,53.362,5,12,0.58,327425.4944774494,4688010.796409894
00:50:59.900000+00:00,42.32522583,-71.09444261666667,53.366,5,12,0.58,327425.63341079775,4688011.0589108635
00:51:00.100000+00:00,42.32522727833334,-71.09444079166667,53.321,5,12,0.6,327425.78775075625,4688011.216033929
00:51:00.300000+00:00,42.325228976666665,-71.09443884666666,53.313,5,12,0.56,327425.9526622812,4688011.40067406
00:51:00.500000+00:00,42.32523051666666,-71.09443773666666,53.251,5,12,0.57,327426.0483370217,4688011.569426789
00:51:00.700000+00:00,42.32523200333333,-71.09443659666667,53.218,5,12,0.57,327426.1463379185,4688011.732196398
00:51:00.900000+00:00,42.32523392833333,-71.09443501,53.233,2,12,0.54,327426.2823426256,4688011.942733192
00:51:01.100000+00:00,42.32523546,-71.09443331833333,53.237,2,12,0.57,327426.4259237759,4688012.109380331
00:51:01.300000+00:00,42.32523685666666,-71.09443174666667,53.167,2,12,0.56,327426.55924780405,4688012.261280262
00:51:01.500000+00:00,42.32523889833333,-71.09443041666667,53.163,5,12,0.56,327426.6744222202,4688012.485292782
00:51:01.700000+00:00,42.32524089833333,-71.094428995,53.072,5,12,0.55,327426.7970360124,4688012.704492548
00:51:01.900000+00:00,42.325243415,-71.09442754833333,53.116,5,12,0.57,327426.9231225567,4688012.9810134
00:51:02.100000+00:00,42.325245345,-71.09442591333334,53.164,2,12,0.58,327427.0631235424,4688013.192007346
00:51:02.300000+00:00,42.32524705666667,-71.09442404833334,53.083,2,12,0.55,327427.22147946764,4688013.378290394
00:51:02.500000+00:00,42.325249336666666,-71.09442243666666,53.138,5,12,0.55,327427.3605148123,4688013.628196465
00:51:02.700000+00:00,42.32525134833333,-71.09442171333333,53.109,5,12,0.55,327427.42561795714,4688013.850108698
00:51:02.900000+00:00,42.32525335333333,-71.09442095,53.089,5,12,0.55,327427.4939988623,4688014.071199483
00:51:03.100000+00:00,42.325255526666666,-71.09442034833333,53.155,5,12,0.55,327427.5495187575,4688014.3113104105
00:51:03.300000+00:00,42.32525749,-71.094419295,53.138,5,12,0.56,327427.6416816541,4688014.527186014
00:51:03.500000+00:00,42.325259825,-71.09441824,53.147,5,12,0.57,327427.73499815154,4688014.7843289245
00:51:03.700000+00:00,42.32526157666667,-71.094417615,53.165,5,12,0.55,327427.7912877022,4688014.977569709
00:51:03.900000+00:00,42.32526346666667,-71.09441739833333,53.163,5,12,0.54,327427.8143089368,4688015.186999862
00:51:04.100000+00:00,42.32526613666667,-71.09441714333333,53.204,5,12,0.57,327427.84262163495,4688015.482965165
00:51:04.300000+00:00,42.325268425,-71.09441647,53.151,5,12,0.55,327427.90436127456,4688015.735700532
00:51:04.500000+00:00,42.32527042,-71.09441547833333,53.135,5,12,0.55,327427.99152941635,4688015.955217602
00:51:04.700000+00:00,42.32527224333333,-71.09441504666667,53.077,5,12,0.59,327428.0320842976,4688016.156808695
00:51:04.900000+00:00,42.325274418333336,-71.094414195,53.031,5,12,0.59,327428.10820865293,4688016.396597432
00:51:05.100000+00:00,42.32527685833333,-71.094413575,53.025,5,12,0.57,327428.1659683376,4688016.66628242
00:51:05.300000+00:00,42.32527909,-71.09441258666666,52.985,5,12,0.59,327428.25350892916,4688016.912086247
00:51:05.500000+00:00,42.32528130666667,-71.094411655,52.917,5,12,0.59,327428.33633917937,4688017.156339419
00:51:05.700000+00:00,42.325283381666665,-71.094411545,52.965,5,12,0.57,327428.35107694997,4688017.386528818
00:51:05.900000+00:00,42.32528524,-71.09441184166667,52.949,5,12,0.57,327428.3317130519,4688017.59348422
00:51:06.100000+00:00,42.325287535,-71.094411895,52.916,5,12,0.55,327428.33359375846,4688017.848434317
00:51:06.300000+00:00,42.32528964666667,-71.09441202,52.916,5,12,0.55,327428.3290678541,4688018.083172092
00:51:06.500000+00:00,42.325291725,-71.09441216333333,52.895,5,12,0.55,327428.322940142,4688018.31424566
00:51:06.700000+00:00,42.32529388833333,-71.09441243166667,52.9,5,12,0.55,327428.30674488994,4688018.555011446
00:51:06.900000+00:00,42.3252959,-71.09441356166667,52.861,5,12,0.55,327428.21913384367,4688018.780684201
00:51:07.100000+00:00,42.32529804166667,-71.09441477833333,52.846,5,12,0.55,327428.1247369597,4688019.020968296
00:51:07.300000+00:00,42.325300571666666,-71.09441591833334,52.903,5,12,0.56,327428.03771924117,4688019.304218224
00:51:07.500000+00:00,42.325302925,-71.094416575,52.83,5,12,0.55,327427.9900449847,4688019.566869986
00:51:07.700000+00:00,42.325305246666666,-71.09441793666667,52.862,5,12,0.57,327427.88419235044,4688019.827435897
00:51:07.900000+00:00,42.32530688,-71.094419205,52.854,5,12,0.57,327427.78414820915,4688020.011378371
00:51:08.100000+00:00,42.325308815,-71.09442094,52.821,5,12,0.57,327427.64647574886,4688020.229765479
00:51:08.300000+00:00,42.32531131166667,-71.09442309333333,52.894,5,12,0.59,327427.47586856945,4688020.511370127
00:51:08.500000+00:00,42.32531366,-71.09442460666666,52.823,5,12,0.57,327427.3575916044,4688020.775204915
00:51:08.700000+00:00,42.32531557,-71.09442549666667,52.783,5,12,0.57,327427.28947854834,4688020.989101416
00:51:08.900000+00:00,42.32531696,-71.09442674333333,52.762,5,12,0.57,327427.1905544,4688021.145979667
00:51:09.100000+00:00,42.32531844666666,-71.09442793166667,52.624,5,12,0.57,327427.09670122596,4688021.313473635
00:51:09.300000+00:00,42.325320348333335,-71.09443000333333,52.672,5,12,0.56,327426.9311964448,4688021.528842473
00:51:09.500000+00:00,42.32532206166667,-71.09443107833333,52.604,5,12,0.55,327426.84730170807,4688021.721276055
00:51:09.700000+00:00,42.32532417,-71.09443286833333,52.602,5,12,0.55,327426.70557129185,4688021.9590221
00:51:09.900000+00:00,42.32532603,-71.09443518,52.703,5,12,0.57,327426.5201766847,4688022.170251168
00:51:10.100000+00:00,42.32532750166666,-71.09443667,52.624,5,12,0.58,327426.4014252951,4688022.336691619
00:51:10.300000+00:00,42.325329145,-71.09443903166667,52.621,5,12,0.57,327426.2113182689,4688022.5239630025
00:51:10.500000+00:00,42.32533086666667,-71.09444073333333,52.611,5,12,0.57,327426.07580922777,4688022.718593504
00:51:10.700000+00:00,42.325332525,-71.09444303666666,52.646,5,12,0.56,327425.89054988604,4688022.907412168
00:51:10.900000+00:00,42.32533424166667,-71.094445015,52.611,5,12,0.56,327425.73222994886,4688023.102048842
00:51:11.100000+00:00,42.325335761666665,-71.09444715833334,52.599,5,12,0.56,327425.5597763136,4688023.27518202
00:51:11.300000+00:00,42.325337445,-71.09444938833333,52.539,5,12,0.58,327425.380628001,4688023.466627954
00:51:11.500000+00:00,42.325338953333336,-71.09445168,52.55,5,12,0.58,327425.19591986435,4688023.638766631
00:51:11.700000+00:00,42.32534081166666,-71.09445356,52.525,5,12,0.58,327425.04608997446,4688023.848934777
00:51:11.900000+00:00,42.32534264,-71.09445547333333,52.554,5,12,0.58,327424.8934314064,4688024.055839299
00:51:12.100000+00:00,42.325343635,-71.09445733,52.501,5,12,0.6,327424.74316347257,4688024.170093661
00:51:12.300000+00:00,42.32534485,-71.09445970333333,52.505,5,12,0.58,327424.55092396913,4688024.309825682
00:51:12.500000+00:00,42.32534655333333,-71.094463165,52.666,5,12,0.58,327424.2703415052,4688024.505991665
00:51:12.700000+00:00,42.325348426666665,-71.094465225,52.653,5,12,0.58,327424.10572074074,4688024.718190707
00:51:12.900000+00:00,42.325350111666665,-71.09446719166667,52.616,5,12,0.58,327423.9482756355,4688024.909287418
00:51:13.100000+00:00,42.32535155666667,-71.09446912,52.735,5,12,0.6,327423.7933329292,4688025.073656218
00:51:13.300000+00:00,42.325353055,-71.09447153166667,52.706,5,12,0.58,327423.5987095727,4688025.24492801
00:51:13.500000+00:00,42.32535446333333,-71.09447464666667,52.743,5,12,0.58,327423.34588571766,4688025.407633153
00:51:13.700000+00:00,42.32535580666666,-71.09447674166667,52.705,5,12,0.58,327423.1769317582,4688025.561050861
00:51:13.800000+00:00,42.32535670166666,-71.09447803166667,52.693,5,12,0.58,327423.07308356516,4688025.663051206
00:51:13.900000+00:00,42.3253574,-71.09447943666666,52.696,5,12,0.58,327422.95922164374,4688025.743446602
00:51:14.100000+00:00,42.325358793333336,-71.09448157166666,52.715,5,12,0.58,327422.78710844024,4688025.902497594
00:51:14.300000+00:00,42.32536007666667,-71.09448392166667,52.675,5,12,0.58,327422.5969785341,4688026.049770213
00:51:14.500000+00:00,42.32536167166667,-71.09448682666667,52.653,5,12,0.58,327422.3619690846,4688026.232777157
00:51:14.700000+00:00,42.325363085,-71.09448916,52.696,5,12,0.58,327422.17356800387,4688026.394451454
00:51:14.900000+00:00,42.32536482666666,-71.094491595,52.701,5,12,0.58,327421.97768745513,4688026.592790913
00:51:15.100000+00:00,42.325366243333335,-71.09449431833333,52.717,5,12,0.58,327421.75715965446,4688026.755626727
00:51:15.300000+00:00,42.32536726333333,-71.09449667,52.702,5,12,0.55,327421.5661723817,4688026.873661637
00:51:15.500000+00:00,42.32536863,-71.09449903,52.681,5,12,0.55,327421.375446407,4688027.030208099
00:51:15.700000+00:00,42.325369986666665,-71.094501745,52.724,5,12,0.55,327421.1554412282,4688027.186364487
00:51:15.900000+00:00,42.32537134833333,-71.09450398166666,52.713,5,12,0.55,327420.97486421565,4688027.342105488
00:51:16.100000+00:00,42.32537262666666,-71.09450638666667,52.684,5,12,0.55,327420.7801887344,4688027.488934549
00:51:16.300000+00:00,42.325373615,-71.09450840666666,52.73,5,12,0.55,327420.61644410924,4688027.60278015
00:51:16.500000+00:00,42.32537479333333,-71.09451074,52.72,5,12,0.55,327420.427400499,4688027.738359577
00:51:16.700000+00:00,42.32537596,-71.09451342333334,52.71,5,12,0.55,327420.2094851317,4688027.87335372
00:51:16.900000+00:00,42.32537699833333,-71.09451529166667,52.712,5,12,0.54,327420.0583745225,4688027.992443691
00:51:17.100000+00:00,42.32537842166667,-71.09451733333333,52.673,5,12,0.54,327419.8940341064,4688028.154636638
00:51:17.300000+00:00,42.325379785,-71.09451996166666,52.676,5,12,0.55,327419.6811885253,4688028.311357498
00:51:17.500000+00:00,42.32538085833333,-71.094521875,52.655,5,12,0.55,327419.52646565903,4688028.434425271
00:51:17.700000+00:00,42.32538195333333,-71.09452402333334,52.607,5,12,0.55,327419.3524381431,4688028.560375815
00:51:17.900000+00:00,42.32538289833333,-71.09452649166667,52.596,5,12,0.57,327419.1516325817,4688028.6703193635
00:51:18.100000+00:00,42.32538357166667,-71.09452796166667,52.596,5,12,0.57,327419.03234641615,4688028.748070665
00:51:18.300000+00:00,42.325384575,-71.09452979,52.549,5,12,0.57,327418.88443612144,4688028.863193018
00:51:18.500000+00:00,42.32538589833333,-71.09453179,52.576,5,12,0.57,327418.7232556148,4688029.014197224
00:51:18.700000+00:00,42.325386455,-71.09453395833333,52.603,5,12,0.59,327418.54610804765,4688029.080410646
00:51:18.900000+00:00,42.32538665,-71.094535975,52.613,5,12,0.59,327418.38046876655,4688029.1061560465
00:51:19.100000+00:00,42.325386965,-71.094537565,52.647,5,12,0.59,327418.25031479076,4688029.144360732
00:51:19.300000+00:00,42.32538701333333,-71.09453818166666,52.651,5,12,0.59,327418.19963387866,4688029.150979099
00:51:19.500000+00:00,42.32538760833334,-71.09453826833334,52.711,5,12,0.57,327418.1941196281,4688029.217225081
00:51:19.700000+00:00,42.32538859,-71.094538395,52.719,5,12,0.57,327418.1863667441,4688029.326488554
00:51:19.900000+00:00,42.32538907,-71.09453846,52.752,5,12,0.59,327418.1823233459,4688029.379920713
00:51:20.100000+00:00,42.32538943666667,-71.09453876333333,52.662,5,12,0.59,327418.15833146696,4688029.4212517105
00:51:20.300000+00:00,42.325389343333335,-71.09453916,52.673,5,12,0.59,327418.1253910732,4688029.411692678
00:51:20.500000+00:00,42.325389363333336,-71.09453937,52.673,5,12,0.59,327418.1081418487,4688029.4143396495
